recipe_id,material,original_head,div4_head
N14BPBoSWeaponLaserPistol,Steel,100,25
N14BPBoSWeaponLaserPistol,Glass,50,12.5
N14BPBoSWeaponLaserPistol,Circuitry,25,6.25
N14BPBoSWeaponLaserRevolver,Steel,75,18.75
N14BPBoSWeaponLaserRevolver,Glass,50,12.5
N14BPBoSWeaponLaserRevolver,Scrap,50,12.5
N14BPBoSWeaponPistol10mm,Steel,125,31.25
N14BPBoSWeaponPistol10mm,Scrap,50,12.5
N14BPBoSWeaponLaserRifleCrude,Steel,200,50
N14BPBoSWeaponLaserRifleCrude,Glass,100,25
N14BPBoSWeaponLaserRifleCrude,Circuitry,50,12.5
N14BPBoSWeaponLaserRifleCrude,Scrap,75,18.75
N14BPBoSWeaponLaserRifleMakeshift,Steel,200,50
N14BPBoSWeaponLaserRifleMakeshift,Glass,100,25
N14BPBoSWeaponLaserRifleMakeshift,Circuitry,75,18.75
N14BPBoSWeaponLaserRifleMakeshift,Scrap,50,12.5
N14BPBoSWeaponLaserRifle,Steel,250,62.5
N14BPBoSWeaponLaserRifle,Glass,125,31.25
N14BPBoSWeaponLaserRifle,Circuitry,100,25
N14BPBoSWeaponLaserRifle,Plastic,50,12.5
N14BPBoSWeaponPlasmaPistol,Steel,175,43.75
N14BPBoSWeaponPlasmaPistol,Glass,100,25
N14BPBoSWeaponPlasmaPistol,Circuitry,75,18.75
N14BPBoSWeaponPlasmaPistol,ScrapElectronic,50,12.5
N14BPBoSWeaponPlasmaDefender,Steel,200,50
N14BPBoSWeaponPlasmaDefender,Glass,125,31.25
N14BPBoSWeaponPlasmaDefender,Circuitry,100,25
N14BPBoSWeaponPlasmaDefender,ScrapElectronic,50,12.5
N14BPBoSWeaponLaserRifleAuto,Steel,400,100
N14BPBoSWeaponLaserRifleAuto,Glass,200,50
N14BPBoSWeaponLaserRifleAuto,Circuitry,175,43.75
N14BPBoSWeaponLaserRifleAuto,ScrapElectronic,100,25
N14BPBoSWeaponLaserRifleAuto,Plastic,50,12.5
N14BPBoSWeaponPlasmaRifle,Steel,350,87.5
N14BPBoSWeaponPlasmaRifle,Glass,200,50
N14BPBoSWeaponPlasmaRifle,Circuitry,175,43.75
N14BPBoSWeaponPlasmaRifle,ScrapElectronic,125,31.25
N14BPBoSWeaponPlasmaRifleAuto,Steel,400,100
N14BPBoSWeaponPlasmaRifleAuto,Glass,225,56.25
N14BPBoSWeaponPlasmaRifleAuto,Circuitry,200,50
N14BPBoSWeaponPlasmaRifleAuto,ScrapElectronic,125,31.25
N14BPBoSWeaponPlasmaRifleAuto,Plastic,50,12.5
N14BPBoSWeaponPlasmaRifleUrban,Steel,375,93.75
N14BPBoSWeaponPlasmaRifleUrban,Glass,200,50
N14BPBoSWeaponPlasmaRifleUrban,Circuitry,175,43.75
N14BPBoSWeaponPlasmaRifleUrban,Plastic,100,25
N14BPBoSWeaponLaserRifleWattz2000,Steel,350,87.5
N14BPBoSWeaponLaserRifleWattz2000,Glass,250,62.5
N14BPBoSWeaponLaserRifleWattz2000,Circuitry,200,50
N14BPBoSWeaponLaserRifleWattz2000,ScrapElectronic,100,25
N14BPBoSWeaponPlasmaMultiplas,Steel,350,87.5
N14BPBoSWeaponPlasmaMultiplas,Glass,300,75
N14BPBoSWeaponPlasmaMultiplas,Circuitry,175,43.75
N14BPBoSWeaponPlasmaMultiplas,ScrapElectronic,100,25
N14BPBoSWeaponLaserRiflePrototypeAER14,Steel,600,150
N14BPBoSWeaponLaserRiflePrototypeAER14,Glass,400,100
N14BPBoSWeaponLaserRiflePrototypeAER14,Circuitry,300,75
N14BPBoSWeaponLaserRiflePrototypeAER14,ScrapElectronic,200,50
N14BPBoSWeaponLaserRiflePrototypeAER14,N14Gold,50,12.5
N14BPBoSWeaponLaserRifleWattz3000,Steel,500,125
N14BPBoSWeaponLaserRifleWattz3000,Glass,350,87.5
N14BPBoSWeaponLaserRifleWattz3000,Circuitry,275,68.75
N14BPBoSWeaponLaserRifleWattz3000,ScrapElectronic,175,43.75
N14BPBoSWeaponLaserRifleWattz3000,N14Silver,50,12.5
N14BPBoSWeaponPlasmaCaster,Steel,700,175
N14BPBoSWeaponPlasmaCaster,Glass,400,100
N14BPBoSWeaponPlasmaCaster,Circuitry,350,87.5
N14BPBoSWeaponPlasmaCaster,ScrapElectronic,250,62.5
N14BPBoSWeaponPlasmaCaster,Plastic,75,18.75
N14BPBoSWeaponLaserGatling,Steel,1200,300
N14BPBoSWeaponLaserGatling,Glass,500,125
N14BPBoSWeaponLaserGatling,Circuitry,400,100
N14BPBoSWeaponLaserGatling,ScrapElectronic,300,75
N14BPBoSWeaponLaserGatling,N14Iron,200,50
N14BPBoSArmorWBoSInitiateArmor,Cloth,100,25
N14BPBoSArmorWBoSInitiateArmor,Thread,75,18.75
N14BPBoSArmorWBoSInitiateArmor,Steel,75,18.75
N14BPBoSArmorWBoSInitiateArmor,Leather,50,12.5
N14BPBoSArmorMBoSInitiateArmor,Cloth,100,25
N14BPBoSArmorMBoSInitiateArmor,Thread,75,18.75
N14BPBoSArmorMBoSInitiateArmor,Steel,75,18.75
N14BPBoSArmorMBoSInitiateArmor,Leather,50,12.5
N14BPBoSArmorBosScribe,Cloth,100,25
N14BPBoSArmorBosScribe,Thread,75,18.75
N14BPBoSArmorBosScribe,Leather,50,12.5
N14BPBoSArmorWBoSSquireArmor,Steel,200,50
N14BPBoSArmorWBoSSquireArmor,Cloth,175,43.75
N14BPBoSArmorWBoSSquireArmor,Thread,125,31.25
N14BPBoSArmorWBoSSquireArmor,Leather,100,25
N14BPBoSArmorMBoSSquireArmor,Steel,200,50
N14BPBoSArmorMBoSSquireArmor,Cloth,175,43.75
N14BPBoSArmorMBoSSquireArmor,Thread,125,31.25
N14BPBoSArmorMBoSSquireArmor,Leather,100,25
N14BPBoSArmorMidwestArmor,Steel,200,50
N14BPBoSArmorMidwestArmor,Cloth,150,37.5
N14BPBoSArmorMidwestArmor,Thread,125,31.25
N14BPBoSArmorMidwestArmor,Leather,100,25
N14BPBoSArmorWBoSKnightArmor,Steel,400,100
N14BPBoSArmorWBoSKnightArmor,Cloth,250,62.5
N14BPBoSArmorWBoSKnightArmor,Thread,175,43.75
N14BPBoSArmorWBoSKnightArmor,Leather,150,37.5
N14BPBoSArmorWBoSKnightArmor,Circuitry,50,12.5
N14BPBoSArmorMBoSKnightArmor,Steel,400,100
N14BPBoSArmorMBoSKnightArmor,Cloth,250,62.5
N14BPBoSArmorMBoSKnightArmor,Thread,175,43.75
N14BPBoSArmorMBoSKnightArmor,Leather,150,37.5
N14BPBoSArmorMBoSKnightArmor,Circuitry,50,12.5
N14BPBoSArmorWBoSSeniorKArmor,Steel,475,118.75
N14BPBoSArmorWBoSSeniorKArmor,Cloth,275,68.75
N14BPBoSArmorWBoSSeniorKArmor,Thread,200,50
N14BPBoSArmorWBoSSeniorKArmor,Leather,175,43.75
N14BPBoSArmorWBoSSeniorKArmor,Circuitry,75,18.75
N14BPBoSArmorMBoSSeniorKArmor,Steel,475,118.75
N14BPBoSArmorMBoSSeniorKArmor,Cloth,275,68.75
N14BPBoSArmorMBoSSeniorKArmor,Thread,200,50
N14BPBoSArmorMBoSSeniorKArmor,Leather,175,43.75
N14BPBoSArmorMBoSSeniorKArmor,Circuitry,75,18.75
N14BPBoSArmorMidwestArmorMK2,Steel,450,112.5
N14BPBoSArmorMidwestArmorMK2,Cloth,250,62.5
N14BPBoSArmorMidwestArmorMK2,Thread,175,43.75
N14BPBoSArmorMidwestArmorMK2,Leather,150,37.5
N14BPBoSArmorMidwestArmorMK2,Circuitry,50,12.5
N14BPBoSArmorPowerArmorT45,Steel,1500,375
N14BPBoSArmorPowerArmorT45,N14Iron,500,125
N14BPBoSArmorPowerArmorT45,Circuitry,250,62.5
N14BPBoSArmorPowerArmorT45,ScrapElectronic,200,50
N14BPBoSArmorPowerArmorT45,N14Brass,100,25
N14BPBoSArmorPowerArmorT51,Steel,1500,375
N14BPBoSArmorPowerArmorT51,N14Iron,500,125
N14BPBoSArmorPowerArmorT51,Circuitry,275,68.75
N14BPBoSArmorPowerArmorT51,ScrapElectronic,225,56.25
N14BPBoSArmorPowerArmorT51,N14Brass,125,31.25
N14BPBoSArmorPowerArmorT60,Steel,1750,437.5
N14BPBoSArmorPowerArmorT60,N14Iron,600,150
N14BPBoSArmorPowerArmorT60,Circuitry,300,75
N14BPBoSArmorPowerArmorT60,ScrapElectronic,250,62.5
N14BPBoSArmorPowerArmorT60,N14Brass,150,37.5
N14BPBoSAmmoPowerCellSmall,Glass,50,12.5
N14BPBoSAmmoPowerCellSmall,Circuitry,25,6.25
N14BPBoSAmmoPowerCellSmall,ScrapElectronic,25,6.25
N14BPBoSAmmoBox10mm,Lead,100,25
N14BPBoSAmmoBox10mm,N14Brass,50,12.5
N14BPBoSAmmoBox10mm,N14Gunpowder,50,12.5
N14BPBoSAmmoPowerCellHigh,Glass,100,25
N14BPBoSAmmoPowerCellHigh,Circuitry,75,18.75
N14BPBoSAmmoPowerCellHigh,ScrapElectronic,50,12.5
N14BPBoSAmmoPowerCellHigh,Plastic,25,6.25
N14BPBoSAmmoPlasmaCell,Glass,125,31.25
N14BPBoSAmmoPlasmaCell,Circuitry,100,25
N14BPBoSAmmoPlasmaCell,ScrapElectronic,50,12.5
N14BPBoSAmmoPowerCellAdvanced,Glass,200,50
N14BPBoSAmmoPowerCellAdvanced,Circuitry,150,37.5
N14BPBoSAmmoPowerCellAdvanced,ScrapElectronic,100,25
N14BPBoSAmmoPowerCellAdvanced,Plastic,50,12.5
N14BPBoSAmmoPlasmaCartridge,Glass,200,50
N14BPBoSAmmoPlasmaCartridge,Circuitry,150,37.5
N14BPBoSAmmoPlasmaCartridge,ScrapElectronic,100,25
N14BPBoSAmmoPowerCellFusion,Glass,350,87.5
N14BPBoSAmmoPowerCellFusion,Circuitry,275,68.75
N14BPBoSAmmoPowerCellFusion,ScrapElectronic,200,50
N14BPBoSAmmoPowerCellFusion,N14Gold,25,6.25
N14BPBoSAmmoPowerCellFusion,Plastic,75,18.75
N14BPBoSAmmoPlasmaShell,Glass,300,75
N14BPBoSAmmoPlasmaShell,Circuitry,250,62.5
N14BPBoSAmmoPlasmaShell,ScrapElectronic,175,43.75
N14BPBoSAmmoPlasmaShell,N14Silver,25,6.25
N14BPBoSAmmoPowerCellFocused,Glass,400,100
N14BPBoSAmmoPowerCellFocused,Circuitry,300,75
N14BPBoSAmmoPowerCellFocused,ScrapElectronic,225,56.25
N14BPBoSAmmoPowerCellFocused,N14Silver,50,12.5
N14BPTownWeaponPistol9mm,Steel,100,25
N14BPTownWeaponPistol9mm,Scrap,50,12.5
N14BPTownWeaponPistol10mm,Steel,125,31.25
N14BPTownWeaponPistol10mm,Scrap,50,12.5
N14BPTownWeaponPistol22lr,Steel,75,18.75
N14BPTownWeaponPistol22lr,Scrap,50,12.5
N14BPTownWeaponRevolver9mm,Steel,100,25
N14BPTownWeaponRevolver9mm,N14Iron,50,12.5
N14BPTownWeaponCombatKnife,Steel,75,18.75
N14BPTownWeaponCombatKnife,Leather,25,6.25
N14BPTownWeaponShotgunDoubleBarrel,Steel,150,37.5
N14BPTownWeaponShotgunDoubleBarrel,Wood,100,25
N14BPTownWeaponShotgun,Steel,150,37.5
N14BPTownWeaponShotgun,Wood,75,18.75
N14BPTownWeaponSniperHunting,Steel,150,37.5
N14BPTownWeaponSniperHunting,Wood,100,25
N14BPTownWeaponPistol45Colt,Steel,200,50
N14BPTownWeaponPistol45Colt,N14Iron,100,25
N14BPTownWeaponPistol45Colt,Wood,50,12.5
N14BPTownWeaponPistolWebley,Steel,150,37.5
N14BPTownWeaponPistolWebley,N14Iron,75,18.75
N14BPTownWeaponRifle556Service,Steel,275,68.75
N14BPTownWeaponRifle556Service,Wood,150,37.5
N14BPTownWeaponRifle556Service,N14Iron,75,18.75
N14BPTownWeaponRifle556R91,Steel,275,68.75
N14BPTownWeaponRifle556R91,Wood,100,25
N14BPTownWeaponRifle556R91,N14Iron,100,25
N14BPTownWeaponMachete,Steel,150,37.5
N14BPTownWeaponMachete,N14Iron,75,18.75
N14BPTownWeaponMachete,Leather,50,12.5
N14BPTownWeaponHatchet,Steel,100,25
N14BPTownWeaponHatchet,Wood,100,25
N14BPTownWeaponShotgunCaravan,Steel,150,37.5
N14BPTownWeaponShotgunCaravan,Wood,100,25
N14BPTownWeaponShotgunCaravan,N14Iron,50,12.5
N14BPTownWeaponSMG9mm,Steel,225,56.25
N14BPTownWeaponSMG9mm,N14Iron,100,25
N14BPTownWeaponSMG9mm,N14Brass,50,12.5
N14BPTownWeaponSniper44LeverCarbine,Steel,200,50
N14BPTownWeaponSniper44LeverCarbine,Wood,150,37.5
N14BPTownWeaponSniper44LeverCarbine,N14Iron,75,18.75
N14BPTownWeaponRevolver44Magnun,Steel,350,87.5
N14BPTownWeaponRevolver44Magnun,N14Iron,150,37.5
N14BPTownWeaponRevolver44Magnun,Wood,75,18.75
N14BPTownWeaponDesertEagle44,Steel,400,100
N14BPTownWeaponDesertEagle44,N14Iron,150,37.5
N14BPTownWeaponDesertEagle44,N14Brass,50,12.5
N14BPTownWeaponRifle762Marksman,Steel,300,75
N14BPTownWeaponRifle762Marksman,Wood,100,25
N14BPTownWeaponRifle762Marksman,Glass,75,18.75
N14BPTownWeaponRifle762Marksman,N14Iron,75,18.75
N14BPTownWeaponRifle308Battle,Steel,450,112.5
N14BPTownWeaponRifle308Battle,Wood,100,25
N14BPTownWeaponRifle308Battle,N14Iron,150,37.5
N14BPTownWeaponSMG10mm,Steel,350,87.5
N14BPTownWeaponSMG10mm,N14Iron,150,37.5
N14BPTownWeaponSMG10mm,N14Brass,75,18.75
N14BPTownWeaponSMG45,Steel,325,81.25
N14BPTownWeaponSMG45,Wood,100,25
N14BPTownWeaponSMG45,N14Iron,100,25
N14BPTownWeaponShotgunAuto,Steel,300,75
N14BPTownWeaponShotgunAuto,N14Iron,125,31.25
N14BPTownWeaponShotgunAuto,Scrap,75,18.75
N14BPTownWeaponSledgeHammer,Steel,350,87.5
N14BPTownWeaponSledgeHammer,Wood,150,37.5
N14BPTownWeaponSledgeHammer,N14Iron,100,25
N14BPTownWeaponRifle556Carbine,Steel,500,125
N14BPTownWeaponRifle556Carbine,N14Iron,200,50
N14BPTownWeaponRifle556Carbine,Plastic,100,25
N14BPTownWeaponRifle556Carbine,N14Brass,75,18.75
N14BPTownWeaponSMG12mm,Steel,475,118.75
N14BPTownWeaponSMG12mm,N14Iron,200,50
N14BPTownWeaponSMG12mm,N14Brass,100,25
N14BPTownWeaponSniper45-70BrushGun,Steel,400,100
N14BPTownWeaponSniper45-70BrushGun,Wood,200,50
N14BPTownWeaponSniper45-70BrushGun,N14Iron,125,31.25
N14BPTownWeaponRevolver45-70Hunter,Steel,450,112.5
N14BPTownWeaponRevolver45-70Hunter,N14Iron,200,50
N14BPTownWeaponRevolver45-70Hunter,Wood,125,31.25
N14BPTownWeaponSniper308LeverRifle,Steel,400,100
N14BPTownWeaponSniper308LeverRifle,Wood,175,43.75
N14BPTownWeaponSniper308LeverRifle,N14Iron,150,37.5
N14BPTownArmorVestLeather,Leather,100,25
N14BPTownArmorVestLeather,Cloth,75,18.75
N14BPTownArmorVestLeather,Thread,50,12.5
N14BPTownArmorChitinArmor,Leather,75,18.75
N14BPTownArmorChitinArmor,Cloth,75,18.75
N14BPTownArmorChitinArmor,Thread,50,12.5
N14BPTownArmorLightLeatherArmor,Leather,125,31.25
N14BPTownArmorLightLeatherArmor,Cloth,75,18.75
N14BPTownArmorLightLeatherArmor,Thread,75,18.75
N14BPTownArmorPoliceVest,Cloth,200,50
N14BPTownArmorPoliceVest,Thread,150,37.5
N14BPTownArmorPoliceVest,Leather,100,25
N14BPTownArmorPoliceVest,Steel,75,18.75
N14BPTownArmorTownGuardLight,Leather,175,43.75
N14BPTownArmorTownGuardLight,Cloth,150,37.5
N14BPTownArmorTownGuardLight,Thread,125,31.25
N14BPTownArmorTownGuardLight,Steel,100,25
N14BPTownArmorReinforcedLeatherArmor,Leather,200,50
N14BPTownArmorReinforcedLeatherArmor,Cloth,150,37.5
N14BPTownArmorReinforcedLeatherArmor,Thread,125,31.25
N14BPTownArmorReinforcedLeatherArmor,Steel,50,12.5
N14BPTownArmorLeatherArmor,Leather,175,43.75
N14BPTownArmorLeatherArmor,Cloth,125,31.25
N14BPTownArmorLeatherArmor,Thread,100,25
N14BPTownArmorTownGuardRiot,Steel,300,75
N14BPTownArmorTownGuardRiot,Leather,200,50
N14BPTownArmorTownGuardRiot,Cloth,200,50
N14BPTownArmorTownGuardRiot,Thread,150,37.5
N14BPTownArmorPoliceCombat,Steel,275,68.75
N14BPTownArmorPoliceCombat,Cloth,200,50
N14BPTownArmorPoliceCombat,Thread,150,37.5
N14BPTownArmorPoliceCombat,Leather,150,37.5
N14BPTownArmorSheriffVest,Leather,250,62.5
N14BPTownArmorSheriffVest,Steel,200,50
N14BPTownArmorSheriffVest,Cloth,175,43.75
N14BPTownArmorSheriffVest,Thread,125,31.25
N14BPTownArmorMetalArmor,Steel,400,100
N14BPTownArmorMetalArmor,N14Iron,150,37.5
N14BPTownArmorMetalArmor,Leather,100,25
N14BPTownArmorMetalArmor,Cloth,100,25
N14BPTownArmorCombatArmor,Steel,600,150
N14BPTownArmorCombatArmor,Cloth,300,75
N14BPTownArmorCombatArmor,Thread,200,50
N14BPTownArmorCombatArmor,Leather,200,50
N14BPTownArmorCombatArmor,Circuitry,50,12.5
N14BPTownArmorScavengerHeavyArmor,Steel,500,125
N14BPTownArmorScavengerHeavyArmor,Leather,250,62.5
N14BPTownArmorScavengerHeavyArmor,Scrap,200,50
N14BPTownArmorScavengerHeavyArmor,N14Iron,150,37.5
N14BPTownArmorInsectArmor,Leather,300,75
N14BPTownArmorInsectArmor,Cloth,200,50
N14BPTownArmorInsectArmor,Thread,150,37.5
N14BPTownArmorInsectArmor,Steel,150,37.5
N14BPTownAmmoBox9mm,Lead,75,18.75
N14BPTownAmmoBox9mm,N14Brass,50,12.5
N14BPTownAmmoBox9mm,N14Gunpowder,50,12.5
N14BPTownAmmoBox10mm,Lead,100,25
N14BPTownAmmoBox10mm,N14Brass,50,12.5
N14BPTownAmmoBox10mm,N14Gunpowder,50,12.5
N14BPTownAmmoBox22lr,Lead,50,12.5
N14BPTownAmmoBox22lr,N14Brass,25,6.25
N14BPTownAmmoBox22lr,N14Gunpowder,25,6.25
N14BPTownAmmoMag9mmPistol,Steel,75,18.75
N14BPTownAmmoMag9mmPistol,Lead,50,12.5
N14BPTownAmmoMag9mmPistol,N14Gunpowder,25,6.25
N14BPTownAmmoMag10mmPistol,Steel,75,18.75
N14BPTownAmmoMag10mmPistol,Lead,50,12.5
N14BPTownAmmoMag10mmPistol,N14Gunpowder,25,6.25
N14BPTownAmmoBox556,Lead,150,37.5
N14BPTownAmmoBox556,N14Brass,100,25
N14BPTownAmmoBox556,N14Gunpowder,100,25
N14BPTownAmmoBox45,Lead,125,31.25
N14BPTownAmmoBox45,N14Brass,75,18.75
N14BPTownAmmoBox45,N14Gunpowder,75,18.75
N14BPTownAmmoBox12gauge,Lead,150,37.5
N14BPTownAmmoBox12gauge,Plastic,50,12.5
N14BPTownAmmoBox12gauge,N14Gunpowder,100,25
N14BPTownAmmoMag556Rifle,Steel,125,31.25
N14BPTownAmmoMag556Rifle,Lead,100,25
N14BPTownAmmoMag556Rifle,N14Gunpowder,50,12.5
N14BPTownAmmoMag9mmSMG,Steel,125,31.25
N14BPTownAmmoMag9mmSMG,Lead,100,25
N14BPTownAmmoMag9mmSMG,N14Gunpowder,50,12.5
N14BPTownAmmoBox762,Lead,200,50
N14BPTownAmmoBox762,N14Brass,150,37.5
N14BPTownAmmoBox762,N14Gunpowder,150,37.5
N14BPTownAmmoBox308,Lead,250,62.5
N14BPTownAmmoBox308,N14Brass,175,43.75
N14BPTownAmmoBox308,N14Gunpowder,175,43.75
N14BPTownAmmoBox44Magnum,Lead,225,56.25
N14BPTownAmmoBox44Magnum,N14Brass,150,37.5
N14BPTownAmmoBox44Magnum,N14Gunpowder,150,37.5
N14BPTownAmmoMag762Rifle,Steel,175,43.75
N14BPTownAmmoMag762Rifle,Lead,150,37.5
N14BPTownAmmoMag762Rifle,N14Gunpowder,75,18.75
N14BPTownAmmoMag10mmSMG,Steel,175,43.75
N14BPTownAmmoMag10mmSMG,Lead,150,37.5
N14BPTownAmmoMag10mmSMG,N14Gunpowder,75,18.75
N14BPTownAmmoBox127,Lead,250,62.5
N14BPTownAmmoBox127,N14Brass,175,43.75
N14BPTownAmmoBox127,N14Gunpowder,175,43.75
N14BPTownAmmoBox45-70,Lead,350,87.5
N14BPTownAmmoBox45-70,N14Brass,250,62.5
N14BPTownAmmoBox45-70,N14Gunpowder,250,62.5
N14BPTownAmmoMag12mmSMG,Steel,225,56.25
N14BPTownAmmoMag12mmSMG,Lead,200,50
N14BPTownAmmoMag12mmSMG,N14Gunpowder,100,25
N14BPTownAmmoMag556Long,Steel,250,62.5
N14BPTownAmmoMag556Long,Lead,200,50
N14BPTownAmmoMag556Long,N14Gunpowder,125,31.25
N14BPNCRWeaponPistol9mm,Steel,100,25
N14BPNCRWeaponPistol9mm,Scrap,50,12.5
N14BPNCRWeaponPistol10mm,Steel,125,31.25
N14BPNCRWeaponPistol10mm,Scrap,50,12.5
N14BPNCRWeaponPistol22lr,Steel,75,18.75
N14BPNCRWeaponPistol22lr,Scrap,50,12.5
N14BPNCRWeaponRevolver9mm,Steel,100,25
N14BPNCRWeaponRevolver9mm,N14Iron,50,12.5
N14BPNCRWeaponRevolver10mm,Steel,125,31.25
N14BPNCRWeaponRevolver10mm,N14Iron,50,12.5
N14BPNCRWeaponSniperHunting,Steel,150,37.5
N14BPNCRWeaponSniperHunting,Wood,100,25
N14BPNCRWeaponSniperEnfield,Steel,150,37.5
N14BPNCRWeaponSniperEnfield,Wood,100,25
N14BPNCRWeaponShotgun,Steel,150,37.5
N14BPNCRWeaponShotgun,Wood,75,18.75
N14BPNCRWeaponShotgunLever,Steel,125,31.25
N14BPNCRWeaponShotgunLever,Wood,100,25
N14BPNCRWeaponSniper556Varmint,Steel,125,31.25
N14BPNCRWeaponSniper556Varmint,Wood,75,18.75
N14BPNCRWeaponPistol45Colt,Steel,200,50
N14BPNCRWeaponPistol45Colt,N14Iron,100,25
N14BPNCRWeaponPistol45Colt,Wood,50,12.5
N14BPNCRWeaponRifle556Service,Steel,250,62.5
N14BPNCRWeaponRifle556Service,Wood,150,37.5
N14BPNCRWeaponRifle556Service,N14Iron,75,18.75
N14BPNCRWeaponRifle556ServiceScoped,Steel,275,68.75
N14BPNCRWeaponRifle556ServiceScoped,Wood,150,37.5
N14BPNCRWeaponRifle556ServiceScoped,Glass,75,18.75
N14BPNCRWeaponRifle556ServiceScoped,N14Iron,75,18.75
N14BPNCRWeaponRifle556R91,Steel,275,68.75
N14BPNCRWeaponRifle556R91,Wood,100,25
N14BPNCRWeaponRifle556R91,N14Iron,100,25
N14BPNCRWeaponSMG9mm,Steel,225,56.25
N14BPNCRWeaponSMG9mm,N14Iron,100,25
N14BPNCRWeaponSMG9mm,N14Brass,50,12.5
N14BPNCRWeaponSMG45,Steel,250,62.5
N14BPNCRWeaponSMG45,Wood,100,25
N14BPNCRWeaponSMG45,N14Iron,75,18.75
N14BPNCRWeaponShotgunAuto,Steel,250,62.5
N14BPNCRWeaponShotgunAuto,N14Iron,100,25
N14BPNCRWeaponShotgunAuto,Scrap,75,18.75
N14BPNCRWeaponShotgunRiot,Steel,225,56.25
N14BPNCRWeaponShotgunRiot,N14Iron,100,25
N14BPNCRWeaponShotgunRiot,Plastic,50,12.5
N14BPNCRWeaponSniper45-70BrushGun,Steel,275,68.75
N14BPNCRWeaponSniper45-70BrushGun,Wood,150,37.5
N14BPNCRWeaponSniper45-70BrushGun,N14Iron,75,18.75
N14BPNCRWeaponRifle762Marksman,Steel,300,75
N14BPNCRWeaponRifle762Marksman,Wood,100,25
N14BPNCRWeaponRifle762Marksman,Glass,75,18.75
N14BPNCRWeaponRifle762Marksman,N14Iron,75,18.75
N14BPNCRWeaponRifle556Scout,Steel,400,100
N14BPNCRWeaponRifle556Scout,Wood,150,37.5
N14BPNCRWeaponRifle556Scout,N14Iron,150,37.5
N14BPNCRWeaponRifle556Scout,N14Brass,75,18.75
N14BPNCRWeaponRifle556Carbine,Steel,400,100
N14BPNCRWeaponRifle556Carbine,N14Iron,150,37.5
N14BPNCRWeaponRifle556Carbine,Plastic,75,18.75
N14BPNCRWeaponRifle556Carbine,N14Brass,75,18.75
N14BPNCRWeaponRifle762Fal,Steel,450,112.5
N14BPNCRWeaponRifle762Fal,Wood,100,25
N14BPNCRWeaponRifle762Fal,N14Iron,150,37.5
N14BPNCRWeaponRifle308Battle,Steel,500,125
N14BPNCRWeaponRifle308Battle,Wood,100,25
N14BPNCRWeaponRifle308Battle,N14Iron,175,43.75
N14BPNCRWeaponSMG10mm,Steel,350,87.5
N14BPNCRWeaponSMG10mm,N14Iron,150,37.5
N14BPNCRWeaponSMG10mm,N14Brass,75,18.75
N14BPNCRWeaponSMG12mm,Steel,400,100
N14BPNCRWeaponSMG12mm,N14Iron,175,43.75
N14BPNCRWeaponSMG12mm,N14Brass,100,25
N14BPNCRWeaponRevolver44Magnun,Steel,350,87.5
N14BPNCRWeaponRevolver44Magnun,N14Iron,150,37.5
N14BPNCRWeaponRevolver44Magnun,Wood,75,18.75
N14BPNCRWeaponDesertEagle44,Steel,400,100
N14BPNCRWeaponDesertEagle44,N14Iron,150,37.5
N14BPNCRWeaponDesertEagle44,N14Brass,50,12.5
N14BPNCRWeaponRevolver45-70RangerSequoia,Steel,400,100
N14BPNCRWeaponRevolver45-70RangerSequoia,N14Iron,175,43.75
N14BPNCRWeaponRevolver45-70RangerSequoia,Wood,100,25
N14BPNCRWeaponRevolver45-70RangerSequoia,N14Silver,50,12.5
N14BPNCRWeaponShotgunChinese,Steel,350,87.5
N14BPNCRWeaponShotgunChinese,N14Iron,150,37.5
N14BPNCRWeaponShotgunChinese,N14Brass,75,18.75
N14BPNCRWeaponSniper50NCR,Steel,800,200
N14BPNCRWeaponSniper50NCR,N14Iron,400,100
N14BPNCRWeaponSniper50NCR,N14Brass,200,50
N14BPNCRWeaponSniper50NCR,Glass,100,25
N14BPNCRWeaponLMGAutoRifle,Steel,750,187.5
N14BPNCRWeaponLMGAutoRifle,N14Iron,350,87.5
N14BPNCRWeaponLMGAutoRifle,Wood,150,37.5
N14BPNCRWeaponLMGAutoRifle,N14Brass,150,37.5
N14BPNCRWeaponLMG,Steel,700,175
N14BPNCRWeaponLMG,N14Iron,300,75
N14BPNCRWeaponLMG,N14Brass,150,37.5
N14BPNCRWeaponLMG,Plastic,75,18.75
N14BPNCRWeaponSMG12mmAdvanced,Steel,600,150
N14BPNCRWeaponSMG12mmAdvanced,N14Iron,250,62.5
N14BPNCRWeaponSMG12mmAdvanced,N14Brass,150,37.5
N14BPNCRWeaponSMG12mmAdvanced,Circuitry,50,12.5
N14BPNCRWeaponRevolver45-70Hunter,Steel,550,137.5
N14BPNCRWeaponRevolver45-70Hunter,N14Iron,250,62.5
N14BPNCRWeaponRevolver45-70Hunter,Wood,150,37.5
N14BPNCRWeaponMinigun,Steel,1200,300
N14BPNCRWeaponMinigun,N14Iron,500,125
N14BPNCRWeaponMinigun,N14Brass,300,75
N14BPNCRWeaponMinigun,Circuitry,100,25
N14BPNCRArmorVestSnow,Cloth,150,37.5
N14BPNCRArmorVestSnow,Thread,100,25
N14BPNCRArmorVestSnow,Leather,75,18.75
N14BPNCRArmorVestWoods,Cloth,150,37.5
N14BPNCRArmorVestWoods,Thread,100,25
N14BPNCRArmorVestWoods,Leather,75,18.75
N14BPNCRArmorVestDesert,Cloth,150,37.5
N14BPNCRArmorVestDesert,Thread,100,25
N14BPNCRArmorVestDesert,Leather,75,18.75
N14BPNCRArmorPlateWoods,Steel,200,50
N14BPNCRArmorPlateWoods,Cloth,200,50
N14BPNCRArmorPlateWoods,Thread,150,37.5
N14BPNCRArmorPlateWoods,Leather,100,25
N14BPNCRArmorPlateDesert,Steel,200,50
N14BPNCRArmorPlateDesert,Cloth,200,50
N14BPNCRArmorPlateDesert,Thread,150,37.5
N14BPNCRArmorPlateDesert,Leather,100,25
N14BPNCRArmorPouchedVestWoods,Cloth,250,62.5
N14BPNCRArmorPouchedVestWoods,Thread,175,43.75
N14BPNCRArmorPouchedVestWoods,Leather,125,31.25
N14BPNCRArmorPouchedVestDesert,Cloth,250,62.5
N14BPNCRArmorPouchedVestDesert,Thread,175,43.75
N14BPNCRArmorPouchedVestDesert,Leather,125,31.25
N14BPNCRArmorPouchedVestSnow,Cloth,250,62.5
N14BPNCRArmorPouchedVestSnow,Thread,175,43.75
N14BPNCRArmorPouchedVestSnow,Leather,125,31.25
N14BPNCRArmorCFvest,Cloth,200,50
N14BPNCRArmorCFvest,Thread,150,37.5
N14BPNCRArmorCFvest,Leather,100,25
N14BPNCRArmorCFvest,Steel,75,18.75
N14BPNCRArmorCombatArmor,Steel,400,100
N14BPNCRArmorCombatArmor,Cloth,300,75
N14BPNCRArmorCombatArmor,Thread,200,50
N14BPNCRArmorCombatArmor,Leather,150,37.5
N14BPNCRArmorRangerVest,Leather,300,75
N14BPNCRArmorRangerVest,Cloth,250,62.5
N14BPNCRArmorRangerVest,Thread,175,43.75
N14BPNCRArmorRangerVest,Steel,150,37.5
N14BPNCRArmorRangerCoat,Leather,350,87.5
N14BPNCRArmorRangerCoat,Cloth,300,75
N14BPNCRArmorRangerCoat,Thread,200,50
N14BPNCRArmorRangerCoat,Steel,200,50
N14BPNCRArmorRangerDuster,Leather,300,75
N14BPNCRArmorRangerDuster,Cloth,300,75
N14BPNCRArmorRangerDuster,Thread,200,50
N14BPNCRArmorCombatArmorMK2,Steel,700,175
N14BPNCRArmorCombatArmorMK2,Cloth,400,100
N14BPNCRArmorCombatArmorMK2,Thread,250,62.5
N14BPNCRArmorCombatArmorMK2,Leather,200,50
N14BPNCRArmorCombatArmorMK2,Circuitry,50,12.5
N14BPNCRArmorPowerArmorT45Sierra,Steel,1500,375
N14BPNCRArmorPowerArmorT45Sierra,N14Iron,600,150
N14BPNCRArmorPowerArmorT45Sierra,Circuitry,200,50
N14BPNCRArmorPowerArmorT45Sierra,ScrapElectronic,150,37.5
N14BPNCRArmorPowerArmorT45Sierra,N14Brass,100,25
N14BPNCRArmorRangerCombat,Steel,800,200
N14BPNCRArmorRangerCombat,Leather,400,100
N14BPNCRArmorRangerCombat,Cloth,300,75
N14BPNCRArmorRangerCombat,Thread,250,62.5
N14BPNCRArmorRangerCombat,Circuitry,75,18.75
N14BPNCRArmorRangerElite,Steel,900,225
N14BPNCRArmorRangerElite,Leather,500,125
N14BPNCRArmorRangerElite,Cloth,350,87.5
N14BPNCRArmorRangerElite,Thread,275,68.75
N14BPNCRArmorRangerElite,Circuitry,100,25
N14BPNCRArmorRangerElite,ScrapElectronic,50,12.5
N14BPNCRArmorPowerArmorT51NCR,Steel,1500,375
N14BPNCRArmorPowerArmorT51NCR,N14Iron,600,150
N14BPNCRArmorPowerArmorT51NCR,Circuitry,225,56.25
N14BPNCRArmorPowerArmorT51NCR,ScrapElectronic,175,43.75
N14BPNCRArmorPowerArmorT51NCR,N14Brass,100,25
N14BPNCRAmmoBox9mm,Lead,75,18.75
N14BPNCRAmmoBox9mm,N14Brass,50,12.5
N14BPNCRAmmoBox9mm,N14Gunpowder,50,12.5
N14BPNCRAmmoBox10mm,Lead,100,25
N14BPNCRAmmoBox10mm,N14Brass,50,12.5
N14BPNCRAmmoBox10mm,N14Gunpowder,50,12.5
N14BPNCRAmmoBox22lr,Lead,50,12.5
N14BPNCRAmmoBox22lr,N14Brass,25,6.25
N14BPNCRAmmoBox22lr,N14Gunpowder,25,6.25
N14BPNCRAmmoMag9mmPistol,Steel,75,18.75
N14BPNCRAmmoMag9mmPistol,Lead,50,12.5
N14BPNCRAmmoMag9mmPistol,N14Gunpowder,25,6.25
N14BPNCRAmmoMag10mmPistol,Steel,75,18.75
N14BPNCRAmmoMag10mmPistol,Lead,50,12.5
N14BPNCRAmmoMag10mmPistol,N14Gunpowder,25,6.25
N14BPNCRAmmoBox556,Lead,150,37.5
N14BPNCRAmmoBox556,N14Brass,100,25
N14BPNCRAmmoBox556,N14Gunpowder,100,25
N14BPNCRAmmoBox45,Lead,125,31.25
N14BPNCRAmmoBox45,N14Brass,75,18.75
N14BPNCRAmmoBox45,N14Gunpowder,75,18.75
N14BPNCRAmmoBox12gauge,Lead,150,37.5
N14BPNCRAmmoBox12gauge,Plastic,50,12.5
N14BPNCRAmmoBox12gauge,N14Gunpowder,100,25
N14BPNCRAmmoMag556Rifle,Steel,125,31.25
N14BPNCRAmmoMag556Rifle,Lead,100,25
N14BPNCRAmmoMag556Rifle,N14Gunpowder,50,12.5
N14BPNCRAmmoMag45SMG,Steel,125,31.25
N14BPNCRAmmoMag45SMG,Lead,100,25
N14BPNCRAmmoMag45SMG,N14Gunpowder,50,12.5
N14BPNCRAmmoMag9mmSMG,Steel,125,31.25
N14BPNCRAmmoMag9mmSMG,Lead,100,25
N14BPNCRAmmoMag9mmSMG,N14Gunpowder,50,12.5
N14BPNCRAmmoBox762,Lead,200,50
N14BPNCRAmmoBox762,N14Brass,150,37.5
N14BPNCRAmmoBox762,N14Gunpowder,150,37.5
N14BPNCRAmmoBox308,Lead,250,62.5
N14BPNCRAmmoBox308,N14Brass,175,43.75
N14BPNCRAmmoBox308,N14Gunpowder,175,43.75
N14BPNCRAmmoBox127,Lead,200,50
N14BPNCRAmmoBox127,N14Brass,150,37.5
N14BPNCRAmmoBox127,N14Gunpowder,125,31.25
N14BPNCRAmmoBox44Magnum,Lead,225,56.25
N14BPNCRAmmoBox44Magnum,N14Brass,150,37.5
N14BPNCRAmmoBox44Magnum,N14Gunpowder,150,37.5
N14BPNCRAmmoMag762Rifle,Steel,175,43.75
N14BPNCRAmmoMag762Rifle,Lead,150,37.5
N14BPNCRAmmoMag762Rifle,N14Gunpowder,75,18.75
N14BPNCRAmmoMag10mmSMG,Steel,175,43.75
N14BPNCRAmmoMag10mmSMG,Lead,150,37.5
N14BPNCRAmmoMag10mmSMG,N14Gunpowder,75,18.75
N14BPNCRAmmoMag12mmSMG,Steel,200,50
N14BPNCRAmmoMag12mmSMG,Lead,175,43.75
N14BPNCRAmmoMag12mmSMG,N14Gunpowder,100,25
N14BPNCRAmmoBox50,Lead,400,100
N14BPNCRAmmoBox50,N14Brass,300,75
N14BPNCRAmmoBox50,N14Gunpowder,300,75
N14BPNCRAmmoBox50,Steel,100,25
N14BPNCRAmmoBox5mm,Lead,300,75
N14BPNCRAmmoBox5mm,N14Brass,200,50
N14BPNCRAmmoBox5mm,N14Gunpowder,200,50
N14BPNCRAmmoBox45-70,Lead,350,87.5
N14BPNCRAmmoBox45-70,N14Brass,250,62.5
N14BPNCRAmmoBox45-70,N14Gunpowder,250,62.5
N14BPNCRAmmoMag556Long,Steel,250,62.5
N14BPNCRAmmoMag556Long,Lead,200,50
N14BPNCRAmmoMag556Long,N14Gunpowder,125,31.25
N14BPNCRAmmoMag308LMG,Steel,300,75
N14BPNCRAmmoMag308LMG,Lead,250,62.5
N14BPNCRAmmoMag308LMG,N14Gunpowder,150,37.5
N14BPNCRAmmoMagTopSMG12mm,Steel,250,62.5
N14BPNCRAmmoMagTopSMG12mm,Lead,200,50
N14BPNCRAmmoMagTopSMG12mm,N14Gunpowder,100,25
N14BPLegionWeaponTribalKnife,N14Iron,75,18.75
N14BPLegionWeaponTribalKnife,Leather,25,6.25
N14BPLegionWeaponTribalClub,Wood,100,25
N14BPLegionWeaponTribalClub,Leather,50,12.5
N14BPLegionWeaponBrokenPipe,Scrap,75,18.75
N14BPLegionWeaponBrokenPipe,ScrapSteel,50,12.5
N14BPLegionWeaponNailBoard,Wood,75,18.75
N14BPLegionWeaponNailBoard,N14Iron,25,6.25
N14BPLegionWeaponWastelandSpear,Wood,100,25
N14BPLegionWeaponWastelandSpear,N14Iron,50,12.5
N14BPLegionWeaponWastelandSpear,Leather,25,6.25
N14BPLegionWeaponRevolver44Tribal,N14Iron,100,25
N14BPLegionWeaponRevolver44Tribal,Scrap,75,18.75
N14BPLegionWeaponRevolver44Tribal,Wood,25,6.25
N14BPLegionWeaponTribalMachete,N14Iron,175,43.75
N14BPLegionWeaponTribalMachete,Leather,75,18.75
N14BPLegionWeaponTribalMachete,Wood,50,12.5
N14BPLegionWeaponMachete,Steel,150,37.5
N14BPLegionWeaponMachete,N14Iron,75,18.75
N14BPLegionWeaponMachete,Leather,50,12.5
N14BPLegionWeaponTribalHatchet,N14Iron,150,37.5
N14BPLegionWeaponTribalHatchet,Wood,100,25
N14BPLegionWeaponTribalHatchet,Leather,50,12.5
N14BPLegionWeaponTribalSword,N14Iron,200,50
N14BPLegionWeaponTribalSword,Leather,100,25
N14BPLegionWeaponTribalSword,Cloth,50,12.5
N14BPLegionWeaponRevolver44TribalUpgraded,N14Iron,175,43.75
N14BPLegionWeaponRevolver44TribalUpgraded,Steel,100,25
N14BPLegionWeaponRevolver44TribalUpgraded,Scrap,75,18.75
N14BPLegionWeaponShotgunDoubleBarrel,Steel,175,43.75
N14BPLegionWeaponShotgunDoubleBarrel,Wood,125,31.25
N14BPLegionWeaponShotgunDoubleBarrel,N14Iron,50,12.5
N14BPLegionWeaponShotgunPipe,Scrap,150,37.5
N14BPLegionWeaponShotgunPipe,ScrapSteel,100,25
N14BPLegionWeaponShotgunPipe,Wood,50,12.5
N14BPLegionWeaponTrenchClub,Wood,125,31.25
N14BPLegionWeaponTrenchClub,N14Iron,100,25
N14BPLegionWeaponTrenchClub,Leather,25,6.25
N14BPLegionWeaponCeremonialSword,Steel,350,87.5
N14BPLegionWeaponCeremonialSword,N14Iron,200,50
N14BPLegionWeaponCeremonialSword,Leather,100,25
N14BPLegionWeaponCeremonialSword,N14Gold,50,12.5
N14BPLegionWeaponLongSword,Steel,300,75
N14BPLegionWeaponLongSword,N14Iron,200,50
N14BPLegionWeaponLongSword,Leather,75,18.75
N14BPLegionWeaponSledgeHammer,Steel,400,100
N14BPLegionWeaponSledgeHammer,Wood,150,37.5
N14BPLegionWeaponSledgeHammer,N14Iron,150,37.5
N14BPLegionWeaponTribalBigClub,Wood,300,75
N14BPLegionWeaponTribalBigClub,N14Iron,150,37.5
N14BPLegionWeaponTribalBigClub,Leather,100,25
N14BPLegionWeaponRevolver44TribalExtra,Steel,250,62.5
N14BPLegionWeaponRevolver44TribalExtra,N14Iron,200,50
N14BPLegionWeaponRevolver44TribalExtra,Scrap,100,25
N14BPLegionWeaponRevolver44TribalExtra,N14Brass,50,12.5
N14BPLegionWeaponHandcannon,Steel,300,75
N14BPLegionWeaponHandcannon,N14Iron,200,50
N14BPLegionWeaponHandcannon,Scrap,100,25
N14BPLegionWeaponLauncherGrenade,Steel,400,100
N14BPLegionWeaponLauncherGrenade,N14Iron,250,62.5
N14BPLegionWeaponLauncherGrenade,N14Brass,100,25
N14BPLegionWeaponBaseballBat,Wood,200,50
N14BPLegionWeaponBaseballBat,Leather,50,12.5
N14BPLegionWeaponSuperSledgeHammer,Steel,800,200
N14BPLegionWeaponSuperSledgeHammer,N14Iron,400,100
N14BPLegionWeaponSuperSledgeHammer,Circuitry,75,18.75
N14BPLegionWeaponSuperSledgeHammer,ScrapElectronic,50,12.5
N14BPLegionWeaponTribalBigClubDecorated,Wood,400,100
N14BPLegionWeaponTribalBigClubDecorated,N14Iron,300,75
N14BPLegionWeaponTribalBigClubDecorated,Leather,150,37.5
N14BPLegionWeaponTribalBigClubDecorated,N14Gold,75,18.75
N14BPLegionWeaponHandcannonUpgraded,Steel,500,125
N14BPLegionWeaponHandcannonUpgraded,N14Iron,300,75
N14BPLegionWeaponHandcannonUpgraded,N14Brass,150,37.5
N14BPLegionWeaponHandcannonUpgraded,N14Gold,50,12.5
N14BPLegionWeaponRipper,Steel,600,150
N14BPLegionWeaponRipper,N14Iron,300,75
N14BPLegionWeaponRipper,Circuitry,100,25
N14BPLegionWeaponRipper,ScrapElectronic,75,18.75
N14BPLegionWeaponPolearm,Steel,400,100
N14BPLegionWeaponPolearm,N14Iron,300,75
N14BPLegionWeaponPolearm,Wood,200,50
N14BPLegionWeaponPolearm,Leather,100,25
N14BPLegionWeaponLauncherMissile,Steel,1000,250
N14BPLegionWeaponLauncherMissile,N14Iron,500,125
N14BPLegionWeaponLauncherMissile,Circuitry,150,37.5
N14BPLegionWeaponLauncherMissile,ScrapElectronic,100,25
N14BPLegionArmorRecruitArmor,Leather,100,25
N14BPLegionArmorRecruitArmor,Cloth,75,18.75
N14BPLegionArmorRecruitArmor,Thread,50,12.5
N14BPLegionArmorExplorerArmor,Leather,125,31.25
N14BPLegionArmorExplorerArmor,Cloth,75,18.75
N14BPLegionArmorExplorerArmor,Thread,50,12.5
N14BPLegionArmorBaseArmor,Leather,200,50
N14BPLegionArmorBaseArmor,Cloth,150,37.5
N14BPLegionArmorBaseArmor,Thread,100,25
N14BPLegionArmorBaseArmor,N14Iron,75,18.75
N14BPLegionArmorVexillariusArmor,Leather,225,56.25
N14BPLegionArmorVexillariusArmor,Cloth,175,43.75
N14BPLegionArmorVexillariusArmor,Thread,125,31.25
N14BPLegionArmorVexillariusArmor,N14Iron,75,18.75
N14BPLegionArmorReconArmor,Leather,175,43.75
N14BPLegionArmorReconArmor,Cloth,125,31.25
N14BPLegionArmorReconArmor,Thread,100,25
N14BPLegionArmorVeteranArmor,Leather,300,75
N14BPLegionArmorVeteranArmor,Steel,200,50
N14BPLegionArmorVeteranArmor,Cloth,200,50
N14BPLegionArmorVeteranArmor,Thread,150,37.5
N14BPLegionArmorVeteranArmor,N14Iron,100,25
N14BPLegionArmorDeanRecruitArmor,Steel,300,75
N14BPLegionArmorDeanRecruitArmor,Leather,250,62.5
N14BPLegionArmorDeanRecruitArmor,Cloth,200,50
N14BPLegionArmorDeanRecruitArmor,Thread,150,37.5
N14BPLegionArmorReconnaissanceArmor,Leather,275,68.75
N14BPLegionArmorReconnaissanceArmor,Cloth,200,50
N14BPLegionArmorReconnaissanceArmor,Thread,150,37.5
N14BPLegionArmorReconnaissanceArmor,N14Iron,75,18.75
N14BPLegionArmorDeanVeteranArmor,Steel,500,125
N14BPLegionArmorDeanVeteranArmor,Leather,350,87.5
N14BPLegionArmorDeanVeteranArmor,Cloth,300,75
N14BPLegionArmorDeanVeteranArmor,Thread,200,50
N14BPLegionArmorDeanVeteranArmor,N14Iron,200,50
N14BPLegionArmorDeanPrimeArmor,Steel,600,150
N14BPLegionArmorDeanPrimeArmor,Leather,400,100
N14BPLegionArmorDeanPrimeArmor,Cloth,300,75
N14BPLegionArmorDeanPrimeArmor,Thread,225,56.25
N14BPLegionArmorDeanPrimeArmor,N14Iron,250,62.5
N14BPLegionArmorDeanPrimeArmor,N14Gold,50,12.5
N14BPLegionArmorHeavyCenturionArmor,Steel,600,150
N14BPLegionArmorHeavyCenturionArmor,Leather,500,125
N14BPLegionArmorHeavyCenturionArmor,N14Iron,300,75
N14BPLegionArmorHeavyCenturionArmor,Cloth,200,50
N14BPLegionArmorHeavyCenturionArmor,Thread,150,37.5
N14BPLegionAmmoBox44Magnum,Lead,100,25
N14BPLegionAmmoBox44Magnum,N14Brass,75,18.75
N14BPLegionAmmoBox44Magnum,N14Gunpowder,75,18.75
N14BPLegionAmmoBox10mm,Lead,100,25
N14BPLegionAmmoBox10mm,Scrap,50,12.5
N14BPLegionAmmoBox10mm,N14Gunpowder,50,12.5
N14BPLegionAmmoSpeedLoader44,Lead,75,18.75
N14BPLegionAmmoSpeedLoader44,N14Brass,50,12.5
N14BPLegionAmmoSpeedLoader44,N14Gunpowder,50,12.5
N14BPLegionAmmoBox12gauge,Lead,150,37.5
N14BPLegionAmmoBox12gauge,Scrap,75,18.75
N14BPLegionAmmoBox12gauge,N14Gunpowder,100,25
N14BPLegionAmmoMag44Pistol,Steel,100,25
N14BPLegionAmmoMag44Pistol,Lead,125,31.25
N14BPLegionAmmoMag44Pistol,N14Gunpowder,75,18.75
N14BPLegionAmmoBox9mm,Lead,75,18.75
N14BPLegionAmmoBox9mm,Scrap,50,12.5
N14BPLegionAmmoBox9mm,N14Gunpowder,50,12.5
N14BPLegionAmmoBox45-70,Lead,250,62.5
N14BPLegionAmmoBox45-70,N14Brass,175,43.75
N14BPLegionAmmoBox45-70,N14Gunpowder,200,50
N14BPLegionAmmoSpeedLoader45-70,Lead,125,31.25
N14BPLegionAmmoSpeedLoader45-70,N14Brass,100,25
N14BPLegionAmmoSpeedLoader45-70,N14Gunpowder,100,25
N14BPLegionAmmo40mmGrenade,Steel,200,50
N14BPLegionAmmo40mmGrenade,N14Gunpowder,250,62.5
N14BPLegionAmmo40mmGrenade,N14Iron,100,25
N14BPLegionAmmoMissile,Steel,500,125
N14BPLegionAmmoMissile,N14Gunpowder,400,100
N14BPLegionAmmoMissile,N14Iron,200,50
N14BPLegionAmmoMissile,Circuitry,50,12.5
N14BPLegionAmmoBox50,Lead,400,100
N14BPLegionAmmoBox50,N14Brass,300,75
N14BPLegionAmmoBox50,N14Gunpowder,300,75
N14BPLegionAmmoBox50,Steel,100,25
N14BPLegionAmmo40mmGrenadeIncendiary,Steel,250,62.5
N14BPLegionAmmo40mmGrenadeIncendiary,N14Gunpowder,300,75
N14BPLegionAmmo40mmGrenadeIncendiary,N14Iron,150,37.5
N14BPLegionAmmo40mmGrenadeIncendiary,Plastic,50,12.5
